Population,YEAR,Years_Since,Sex,Age,Total_Length,Heart_Girth,Skull_Width,Mass
SB,1986,5,F,17,212,121,21,213.2
SB,1985,4,F,16,218,117,21,204.1
SB,1992,11,M,21,260,160.5,26.6,394.6
SB,1984,3,F,13,226,118,21,215.5
SB,1991,10,F,22,218.5,119.4,21.9,206.4
SB,1992,11,F,23,231,109.4,21.7,158.8
SB,1984,3,F,11,224,127,21,240.4
SB,1986,5,M,16,241,147,25,385.6
SB,1986,5,F,23,216,107,20,172.4
SB,1985,4,F,22,209,113,20,170.1
SB,1984,3,F,11,212,115,20,181.4
SB,1998,17,F,28,229.5,119.7,20.7,200.9
SB,1991,10,F,21,228,122.1,21.7,217.7
SB,1992,11,F,22,225,116.5,20.7,186
SB,1985,4,F,15,221,114,21,188.2
SB,1984,3,F,10,220,120,21,181.4
SB,1983,2,F,20,241,133,22,254
SB,1992,11,F,18,236,115.8,21.8,207.3
SB,1983,2,M,14,278,173,28,462.7
SB,1986,5,M,17,259,174,28,499
SB,1985,4,F,19,227,134,22,231.3
SB,1985,4,M,8,253,165,28,430.9
SB,1986,5,M,9,257,146,27,426.4
SB,1998,17,F,20,216,109.2,21.3,182.3
SB,1983,2,F,11,234,131,19,235.9
SB,1986,5,F,14,232,122,20,240.4
SB,1985,4,F,13,207,111,20,195
SB,1983,2,F,3,211,112,18,170.1
SB,1983,2,F,2,201,106,17,138.3
SB,1983,2,M,0,145,86,15,73.5
SB,1983,2,F,4,219,147,20,281.2
SB,1983,2,M,2,190,151,20,317.5
SB,1983,2,M,5,250,147,22,308.4
SB,1983,2,F,2,193,117,18,176.9
SB,1983,2,M,8,265,187,27,499
SB,1983,2,M,3,240,138,21,276.7
SB,1983,2,M,3,185,126,20,215.5
SB,1983,2,F,2,213,126,19,208.7
SB,1983,2,F,4,220,153,20,281.2
SB,1983,2,F,3,212,122,18,213.2
SB,1983,2,F,2,207,124,19,195
SB,1983,2,M,10,273,178,27,476.3
SB,1983,2,M,3,219,136,20,244.9
SB,1983,2,M,2,209,141,19,244.9
SB,1983,2,F,8,217,127,20,181.4
SB,1983,2,F,2,196,111,18,156.5
SB,1983,2,F,6,219,126,20,156.5
SB,1983,2,M,9,229,142,25,303.9
SB,1983,2,F,7,231,132,20,222.3
SB,1983,2,F,1,172,99,15,81.6
SB,1983,2,F,4,216,112,19,187.8
SB,1992,11,F,13,224,108.4,20.8,176.9
SB,1983,2,F,4,217,123,19,176.9
SB,1983,2,M,4,246,133,21,326.6
SB,1983,2,M,11,257,144,26,353.8
SB,1983,2,F,17,221,132,21,222.3
SB,1983,2,M,1,210,106,17,131.5
SB,1983,2,F,4,222,133,20,231.3
CS,1996,15,M,17,278,178.2,29,509.1
SB,1986,5,M,7,259,136,25,362.9
SB,1985,4,F,13,214,123,20,190.5
SB,1992,11,F,11,236,114.5,22.2,194.1
SB,1985,4,F,20,212,115,21,181.4
SB,1983,2,F,12,226,108,20,145.1
SB,1984,3,F,13,232,128,21,181.4
SB,1985,4,F,14,221,138,21,249.5
SB,1992,11,F,21,225.5,114,22.6,179.2
SB,2001,20,F,22,223,106,21.8,167.8
SB,1984,3,F,3,206,116,16,167.8
SB,1985,4,M,20,254,151,26,313.9
SB,1992,11,F,13,227.5,113,21,174.6
SB,1991,10,F,10,218.5,117.1,20.7,168.7
SB,1985,4,F,8,217,104,19,157.4
SB,1984,3,F,7,225,116,20,176.9
SB,1986,5,F,12,216,104,20,158.8
SB,1983,2,F,9,216,115,22,167.8
SB,1983,2,M,1,189,99,16,113.4
SB,1984,3,M,2,219,114,19,172.4
SB,1985,4,M,3,222,112,20,183.7
SB,1983,2,M,1,182,95,16,102.1
SB,1984,3,M,2,215,114,19,167.8
SB,1983,2,F,8,212,110,19,176.9
SB,1998,17,F,23,218,108,19.8,161
SB,1991,10,F,16,219,106.8,19.3,156.5
SB,1985,4,M,16,263,151,26,449.1
SB,1985,4,M,7,252,156,23,424.1
SB,1994,13,M,13,268,168,27.1,489.9
SB,1984,3,F,6,223,118,21,167.8
SB,1983,2,F,5,230,127,20,204.1
SB,1983,2,M,5,262,155,25,353.8
SB,1986,5,F,12,225,101,21,165.6
SB,1999,18,F,18,216.9,132.7,21.3,215.5
SB,1985,4,F,4,193,107,19,127
SB,1991,10,F,10,218,100,19.3,138.3
SB,1992,11,F,11,215,106.9,19.8,171.5
SB,1983,2,F,2,198,101,17,136.1
SB,1983,2,F,0,151.2,88.3,14.6,79.4
SB,1983,2,M,0,167,92.7,15.3,97.5
SB,1983,2,M,1,200,117,18,140.6
SB,1983,2,M,4,223,151,22,335.7
SB,1984,3,M,5,237,129,24,249.5
SB,1983,2,M,1,175,107,15,113.4
SB,1983,2,M,1,205,119,18,195
SB,1983,2,F,0,145,91,15,86.2
SB,1983,2,F,4,206,127,18,199.6
SB,1983,2,F,2,193,101,18,136.1
SB,1983,2,F,3,230,141,21,231.3
SB,1983,2,F,3,210,104,17,129.3
SB,1983,2,F,1,195,112,17,147.4
SB,1983,2,F,2,208,124,17,199.6
SB,1983,2,M,1,200,117,18,186
SB,1983,2,F,1,187,110,17,149.7
SB,1983,2,M,3,244,158,22,331.1
SB,1984,3,F,13,221,132,22,240.4
SB,1984,3,M,14,250,144,24,294.8
SB,1984,3,F,7,212,115,21,195
SB,1984,3,M,1,161,87,15,74.8
SB,1984,3,F,1,156,74,15,54.4
SB,1984,3,F,6,220,109,19,158.8
SB,1984,3,M,10,275,156,26,394.6
SB,1984,3,F,4,216,118,19,167.8
SB,1984,3,F,5,230,129,20,213.2
SB,1983,2,F,2,210,138,18,231.3
SB,1984,3,F,9,210,130,20,195
SB,1984,3,F,19,222,118,21,190.5
SB,1984,3,M,1,172,96,16,95.3
SB,1984,3,F,1,160,82,15,72.6
SB,1984,3,F,1,161,86,14,59
SB,1984,3,M,4,259,149,24,326.6
SB,1984,3,F,1,171,93,16,95.3
SB,1984,3,F,9,224,116,20,195
SB,1984,3,M,2,198,97,18,136.1
SB,2002,21,F,20,230,109,20.8,192.8
SB,2007,26,F,25,223,117,20.8,188.2
SB,1984,3,F,2,202,106,17,167.8
SB,1984,3,F,10,224,123,21,208.7
SB,1984,3,F,2,196,116,19,156.5
SB,1984,3,F,12,232,112,21,190.5
SB,1984,3,F,2,213,110,18,149.7
SB,1985,4,M,1,137,88,15,75.7
SB,1984,3,M,3,227,119,20,186
SB,1985,4,M,4,234,130,21,289.4
SB,1992,11,M,11,259,152,26.5,417.3
SB,1984,3,M,15,260,150,28,353.8
SB,1992,11,M,23,254,139.8,26,318
SB,1985,4,M,1,164,95,15,95.3
SB,1985,4,F,1,166,88,16,108
SB,1984,3,M,2,200,115,18,163.3
SB,1984,3,F,6,215,122,20,172.4
SB,1991,10,F,13,231,121.5,21.2,226.8
SB,1985,4,F,5,207,119,19,200
SB,1984,3,F,4,213,117,18,186
SB,1984,3,F,4,209,113,20,149.7
SB,1984,3,F,4,225,148,20,258.5
SB,1984,3,F,4,230,138,19,285.8
SB,1984,3,F,0,143,83,13,72.6
SB,1991,10,F,8,224,112.5,20.7,201.8
SB,1985,4,F,2,198,120.5,18.1,131.5
SB,1985,4,M,4,227,129,21,235.9
SB,1985,4,F,11,208,129,21,222.3
SB,1985,4,F,5,221,119,19,186
SB,1985,4,F,3,193,102,17,138.3
SB,1985,4,M,6,204,121,20,199.6
SB,1985,4,F,5,208,110,19,179.2
SB,1985,4,F,12,207,117,21,181
SB,1985,4,M,2,200,113,19,172.4
SB,1985,4,M,2,197,111,19,168.7
SB,1985,4,F,6,215,112,18,173.7
SB,1998,17,F,19,227,116.6,20.6,233.6
SB,1991,10,F,12,227,113.8,20.1,190.5
SB,1985,4,F,4,195,108,19,145.1
SB,1985,4,F,3,204,109,19,167.4
SB,1985,4,F,5,210,117,20,181.4
SB,1986,5,F,6,218,110,20,181.4
SB,1985,4,F,4,207,110,20,153.8
SB,1985,4,F,2,196,114,18,146.1
SB,1985,4,F,6,209,109,18,154.2
SB,1985,4,F,4,211,103,19,142.9
SB,1985,4,M,3,215,120,20,179.2
SB,1985,4,F,7,210,117,20,201.8
SB,1985,4,F,6,223,125,20,204.1
SB,1985,4,F,14,208.7,104.5,20.6,152
SB,1985,4,F,7,214,119,21,176.9
SB,1985,4,M,5,225,114,22,190.5
SB,1985,4,F,10,205,110,20,140.6
SB,1985,4,F,16,203,111,20,150.6
SB,1985,4,F,3,195,112,19,150.1
SB,1985,4,F,6,215,101,20,158.8
SB,1985,4,F,7,207,101,19,173.3
SB,1985,4,F,0,132,72,13,52.2
SB,1985,4,F,0,132,73,12,45.4
SB,1985,4,F,1,188,103,16,138.3
SB,1985,4,F,1,165,81,15,90.7
SB,1985,4,M,1,172,90,14,104.3
SB,1985,4,M,11,262,173,26,451.3
SB,1985,4,M,2,211,124,19,226.8
SB,1985,4,F,2,195,118,18,190.5
SB,1985,4,F,4,216,114,19,226.8
SB,1985,4,F,4,199,107,18,186
SB,1985,4,M,1,190,103,17,145.1
SB,1989,8,M,5,242,127,22,340.2
SB,1985,4,M,9,263,150,24,392.4
SB,1985,4,M,15,251,159,28,437.7
SB,2002,21,F,18,230,107.4,20.7,161
SB,1985,4,F,1,171,99,16,108.9
SB,1985,4,M,1,191,105,18,145.1
SB,1985,4,M,3,228,127,21,242.7
SB,1985,4,F,1,188,111,16,163.3
SB,1994,13,M,10,267.5,150.6,25.8,424.1
SB,1985,4,M,3,232,135,21,254
SB,1985,4,M,3,211,108,19,138.3
SB,1985,4,M,4,240,135,22,299.4
SB,1985,4,F,5,213,121,19,217.7
SB,1985,4,M,2,201,116,19,176.9
SB,1985,4,F,12,211,120,20,217.7
SB,1985,4,F,8,209,127,21,190.5
SB,1986,5,M,8,237,148,23,288
SB,1986,5,M,2,219,107,19,163.3
SB,1986,5,M,13,270,181,27,512.6
SB,1986,5,F,3,210,100,18,137.4
SB,1986,5,F,0,132,78,13,59
SB,1991,10,F,4,224,103.5,18.1,145.1
SB,1991,10,F,7,242,125,20.6,244.9
SB,1999,18,F,15,229,147.6,21.1,240.4
SB,1986,5,F,8,206,104,19,136.1
SB,1991,10,F,13,210,109.2,19.8,181.4
SB,1991,10,F,1,152,81.8,14,68
SB,1991,10,F,1,169,87,15,72.6
SB,1991,10,M,1,160,87,14.7,77.1
SB,2001,20,M,11,255,144,24.7,351.5
SB,1986,5,M,17,241,132,24,285.8
SB,1986,5,M,11,264,148,24,390.1
SB,1986,5,M,5,268,142,25,371.9
SB,1986,5,F,16,217,129,21,272.2
SB,1986,5,F,0,138,90,14,79.4
SB,1986,5,F,0,137,76,14,68
SB,1998,17,F,12,228.5,120,20.5,209.6
SB,2008,27,F,22,233,128.5,20.7,255.8
SB,1992,11,F,6,223.5,110.6,19.1,174.6
SB,2006,25,F,20,227,133,20.5,233.6
SB,1999,18,F,13,224.5,115.6,20.4,181.4
CS,1988,7,F,2,191,111,17,110.5
SB,2003,22,F,22,232,118,21,220
SB,1992,11,F,11,222.5,116.8,20.4,188.2
SB,1998,17,F,17,233,107.8,20.6,168.7
SB,1989,8,F,3,209,112,19,188.2
SB,1989,8,F,1,182,88,17,117.9
SB,2000,19,F,12,223.5,106.8,21.1,172.4
SB,1989,8,F,1,177,89,16,113.4
CS,1986,5,M,4,247,141,22,254.5
CS,1986,5,F,10,220,120,21,200
CS,1986,5,M,1,170,102,17,109.1
CS,1986,5,F,3,215,116,18,181.8
CS,1986,5,M,2,214,108,18,168.2
CS,1986,5,F,6,216,133,21,259.1
CS,1986,5,M,1,166,96,16,104.5
CS,1986,5,F,1,165,87,15,88.6
SB,1986,5,F,8,223,119,21,199.6
SB,1986,5,M,2,185,91,16,127
SB,1986,5,M,2,219,108,19,172.4
SB,1986,5,F,9,209,102,20,163.3
SB,1986,5,F,8,216,109,20,176.9
SB,1986,5,F,8,221,114,20,190.5
CS,1987,6,F,10,211,127,21,213.6
CS,1987,6,F,4,196,107,18,161.4
CS,1987,6,M,2,200,106,18,159.1
CS,1987,6,F,2,189,98,17,140.9
SB,1991,10,F,12,219,116.3,19.6,186
SB,1992,11,F,13,216,116,20.2,179.2
SB,1988,7,F,0,84,42,9,14.1
SB,1991,10,M,3,215,109.2,19.6,172.4
SB,1991,10,F,3,197,93.7,17.6,111.1
CS,1991,10,F,2,193,105,17,140.9
CS,1991,10,M,2,199.5,113,18.4,195.5
SB,1989,8,M,0,87,43,11,12.7
SB,1989,8,M,0,90,48,11,14.5
SB,1989,8,M,0,162,82,15,95.3
SB,1992,11,F,3,202,101.6,18.2,148.8
SB,1989,8,M,0,90,47,11,15.9
SB,1989,8,F,0,85,39,10,12.7
SB,1989,8,F,0,86,41,10,12.7
SB,2011,30,F,22,231,142.7,21.6,221.4
SB,2001,20,F,12,224,107.2,20.7,167.8
SB,2002,21,F,13,234,123,21.5,222.3
SB,1989,8,F,0,91,49,10,17.2
SB,1989,8,F,0,142,81,14,70.3
CS,1987,6,M,14,260,153,24,390.9
CS,1987,6,F,13,226,120,21,227.3
CS,1987,6,M,1,149,87,14,72.7
CS,1988,7,M,2,192,103,17,118.2
CS,1987,6,F,1,156,83,14,50
CS,1988,7,F,2,187,101,16,100.9
CS,1988,7,F,9,222,120,21,231.8
CS,1988,7,M,1,192,98,17,113.6
CS,1988,7,M,1,186,97,17,125
CS,1988,7,F,2,194,106,19,177.3
CS,1988,7,M,2,183,134,19,206.8
CS,1988,7,F,2,182,113,18,159.1
SB,1989,8,F,3,203,110,20,174.6
CS,1988,7,F,2,194,107,17,161.4
CS,1988,7,F,2,195,98,18,150
CS,1988,7,F,3,181,94,17,145.5
CS,1988,7,M,2,219,124,21,281.8
CS,1988,7,F,8,233,107,21,231.8
CS,1988,7,M,1,174,92,16,113.6
CS,1988,7,M,1,143,80,15,84.1
CS,1988,7,F,11,236,115,21,202.3
CS,1988,7,M,1,182,88,16,104.5
CS,1988,7,M,2,212,111,19,200
SB,1989,8,F,9,225,116,19,172.4
CS,1988,7,F,7,225,122,19,181.8
CS,1988,7,F,1,150,82,14,56.8
CS,1988,7,M,2,188,110,17,140.9
CS,1988,7,F,2,173,103,16,100
CS,1988,7,F,4,190,94,17,120.5
CS,1988,7,F,11,200,116,20,163.6
CS,1988,7,M,1,172,95,16,95.5
CS,1988,7,M,1,175,98,17,100
CS,1988,7,M,2,202,111,18,154.5
SB,1989,8,F,13,203,124,21,199.6
SB,1989,8,F,1,156,89,15,72.6
CS,1989,8,F,4,225,127,20,204.5
SB,1989,8,F,6,220,119,20,190.5
CS,1989,8,M,15,252,163,27,379.5
CS,1989,8,M,2,201,116,18,131.8
CS,1989,8,M,2,188,100,18,134.1
SB,1989,8,F,5,216,115,20,172.4
SB,1989,8,M,10,244,173,26,435.4
SB,1989,8,M,0,82,48,11,12.7
SB,1989,8,F,7,223,118,20,186
SB,1989,8,M,12,282,172,29,521.6
CS,1990,9,M,10,268,162,24.5,477.3
CS,1990,9,F,11,207.5,129,19.2,222.7
CS,1990,9,F,1,154,91.5,14.3,77.3
CS,1990,9,M,1,143,86.5,14.5,75
CS,1990,9,F,22,215,149.9,21.3,259.1
CS,1990,9,M,1,158,100,15,100
CS,1990,9,F,4,212,112,18.6,202.3
CS,1990,9,M,4,229,125,20.5,222.7
SB,1989,8,F,0,137,81,14,72.6
SB,1989,8,M,0,135,77,14,88.5
SB,2001,20,F,13,209,123.1,20.3,191.4
SB,1989,8,F,1,163,104,16,163.3
SB,1989,8,F,0,149,86,15,99.8
SB,1989,8,F,1,198,121,17,190.5
SB,1989,8,F,1,180,102,15,158.8
SB,1989,8,F,0,145,84,15,79.4
SB,1989,8,M,0,149,89,14,95.3
SB,1989,8,M,1,210,110,18,163.3
SB,1989,8,F,0,137,71,13,49.9
SB,1989,8,M,0,161,87,15,95.3
SB,1989,8,M,0,131,73,13,58.1
SB,1989,8,M,0,135,68,14,54.4
SB,1989,8,F,0,144,67,14,59
SB,1989,8,F,0,141,73,12,59
SB,2006,25,F,17,230,112.8,20.4,231.3
SB,1989,8,F,0,138,73,13,61.2
SB,1991,10,F,9,211.5,114.5,20.5,195
SB,2000,19,F,11,217.5,108.5,19.7,149.7
SB,2001,20,F,12,210.8,117.1,20,163.3
SB,1989,8,F,0,129,65,13,45.4
SB,1989,8,M,0,144,83,14,59
SB,1989,8,F,0,143,73,13,56.7
SB,2002,21,F,25,220,105,20,158.8
SB,1992,11,F,15,225,101.2,19.5,155.1
SB,1989,8,M,1,181,92,16,127
SB,1991,10,M,3,211,111.2,18.2,176.9
SB,1999,18,M,11,252.5,159.6,25,381
SB,1989,8,F,1,176,83,15,104.3
CS,1992,11,F,8,191,114,20,188.6
SB,1989,8,F,1,164,75,15,59
SB,1989,8,M,1,172,83,16,68
SB,1989,8,F,1,191,90,17,117.9
SB,1989,8,M,1,197,116,16,147.4
SB,1991,10,F,1,157,81,14.3,69.4
CS,1990,9,M,1,159,93,15.8,100
CS,1990,9,F,1,151,90,14.5,88.6
CS,1990,9,F,2,192,101.5,17.8,134.1
CS,1991,10,F,10,198,124,20.5,206.8
CS,1991,10,F,1,155,87,14.3,72.7
CS,1991,10,F,1,153,77,14.6,68.2
CS,1991,10,F,25,223,139.5,20.2,190.9
CS,1991,10,F,20,240,112.5,21.2,206.8
CS,1991,10,F,13,215.5,100,21,155.5
CS,1991,10,F,16,227,104,20,152.3
CS,1991,10,F,14,231,101.2,20,150
CS,1992,11,F,13,214,137,26.8,243.2
CS,1992,11,M,7,238,131,20,281.8
CS,1992,11,M,1,155,75,14.3,70.5
CS,1992,11,F,1,148,77,14.5,72.7
CS,1992,11,M,6,245,123,21,268.2
SB,2001,20,F,10,233,110.2,21.2,176.9
CS,1992,11,F,1,144,69.5,13.5,50
SB,1998,17,F,7,215,98.8,19.3,145.1
CS,1992,11,F,1,139,67,12.8,54.5
SB,1994,13,F,3,193,113.4,17.5,180.5
CS,1992,11,F,2,185,98,16.5,143.2
CS,1992,11,F,13,247,127,21.2,193.2
SB,1993,12,F,14,245.5,119.5,22.4,213.2
SB,1993,12,F,1,162.5,81.2,16.1,65.8
CS,1992,11,F,13,216,122,21,161.4
CS,1993,12,M,1,182,105.5,16.2,120.5
CS,1992,11,F,8,223,120,19,129.5
CS,1993,12,F,12,229,132,21.5,268.2
CS,1993,12,M,1,175,96.5,15.1,75
CS,1993,12,M,1,168,90.7,14.5,81.8
CS,1992,11,F,22,230,122,21,172.7
CS,1992,11,F,8,218,104,19,136.4
CS,1992,11,F,19,220,123,21,197.7
CS,1993,12,F,1,148,93,12.5,88.6
CS,1992,11,F,8,206,108,19,145.5
CS,1992,11,F,6,218,109,19,159.1
CS,1993,12,M,9,264,167.5,26.2,443.2
CS,1993,12,F,7,217,122.5,20.1,204.5
CS,1993,12,F,1,165,91,14.4,79.5
CS,1993,12,M,10,237,158,24.2,313.6
CS,1993,12,M,2,185,114.5,18.1,136.4
CS,1993,12,F,2,162,105.7,16.8,102.3
SB,2001,20,F,29,227,117,21.5,213.2
SB,1984,3,F,12,216,115,20,167.8
SB,1985,4,F,16,218.5,110.5,20.9,158.8
SB,1986,5,F,3,211,107,19,147.9
SB,1991,10,F,14,226,111,20.7,186
SB,1986,5,F,1,161,92,15,83.9
SB,1989,8,F,4,208,132,20,268.5
SB,1991,10,F,8,226,111.5,20.4,163.3
SB,1985,4,M,8,250,154,23,371.9
SB,2001,20,M,24,241,171,26.4,417.3
SB,1994,13,M,17,252,162.4,27,494.4
SB,1999,18,F,18,239,121.5,21,213.2
SB,1998,17,M,20,269,160.5,28.4,421.8
SB,1999,18,M,19,261,155.3,24.6,371.9
SB,2008,27,F,28,215,108.5,20.6,190.5
SB,2008,27,M,27,263,154,28.4,391
SB,1991,10,F,11,221,116,19.6,181.4
SB,2009,28,M,18,253,171.1,27.7,471.7
SB,2002,21,F,12,214,112,21,158.8
CS,1993,12,F,6,223,113,20,154.5
CS,1993,12,F,8,210,110,19,131.8
CS,1993,12,F,7,222,112,18.2,143.2
CS,1993,12,F,25,222,116,20,172.7
CS,1993,12,F,18,229,117,21,181.8
CS,1993,12,F,8,230,105,19.5,136.4
CS,1994,13,F,5,230,124.5,21,181.8
CS,1994,13,M,3,230,135,19.1,234.1
SB,2000,19,M,10,247,141.3,22.6,294.8
SB,2001,20,M,11,254,141.4,23.1,310.7
SB,2007,26,M,6,272,146,23.6,340.2
SB,2008,27,M,7,264,161.1,24.2,406.9
SB,2009,28,M,8,267,153.6,24.8,418.2
SB,2006,25,F,14,229,134,21.6,272.2
SB,2001,20,F,9,222,117.8,20.7,199.6
SB,2001,20,M,0,70.5,39,9.4,8.6
SB,2001,20,F,0,84,47.3,10.2,13.6
SB,2001,20,M,0,78,44.2,9.8,11.3
SB,2001,20,F,0,78,40,10.1,11.3
SB,2002,21,F,12,218,125,21.6,256.3
SB,2001,20,F,11,219,120,20.6,213.6
SB,2001,20,F,1,171,96.6,15.7,108.9
SB,2002,21,F,2,198,104.5,18.5,141.5
SB,2001,20,M,8,243.5,135.5,23.8,340.2
SB,2006,25,M,13,244,151,26.5,399.2
SB,2001,20,M,0,76,41.3,9.3,10
SB,2001,20,M,0,151,86,15,88.5
SB,2002,21,M,1,180,89,16.5,113.4
SB,2001,20,F,1,161.5,81.2,15.1,74.8
SB,2006,25,M,6,247,125,23.1,267.6
SB,2010,29,M,10,258,164.5,25.7,420.5
SB,2001,20,M,5,237,121,21,235.9
SB,2001,20,F,8,239,110.5,21.4,190.5
SB,2001,20,F,11,237,112.5,22,195
SB,2001,20,M,0,92.5,47.2,10.6,17.2
SB,2001,20,M,0,136,67.5,12.7,53.5
SB,2001,20,F,0,92,43.5,10.6,15.4
SB,2001,20,F,0,138,64.5,12.9,50.8
SB,2001,20,F,18,232,118.7,21,201.8
SB,2006,25,F,5,207.5,116,18.3,172.4
SB,2010,29,F,9,218,108.5,20.2,147.4
SB,2009,28,F,8,211,104.5,19.4,159.7
SB,2001,20,F,0,82,39.6,10.1,13.2
SB,2001,20,M,0,93.5,50.5,11.1,21.8
SB,2002,21,M,4,193,105,17.7,140.6
SB,2002,21,M,2,212,104,17.8,155.1
SB,2002,21,F,5,205,96.5,17,129.3
SB,2002,21,M,18,278,175,28,458.1
SB,2002,21,M,0,86,44,10.2,14.1
SB,2002,21,M,0,97,48.6,11.1,19.1
SB,2006,25,M,4,251,133.5,21.8,249.5
SB,2002,21,F,0,84,42,10,13.2
SB,2002,21,M,0,86,43.5,10.3,14.1
SB,2002,21,F,2,207.6,108.2,16.1,124.7
SB,2002,21,M,2,205.6,115.5,18.7,157.9
SB,2006,25,M,6,253,122,22.1,249.5
SB,2009,28,F,13,224,110.5,21.1,173.3
SB,2002,21,M,0,93.5,48.5,11,18.1
SB,2002,21,F,0,92.5,48,10,16.8
SB,2002,21,M,0,95,47.5,9.9,18.1
SB,2002,21,F,0,97,45.7,10.5,18.1
SB,2002,21,F,7,219,107.5,20,186
SB,2002,21,F,8,218.4,107,19,199.6
SB,2002,21,F,0,80,38,9.7,11.8
SB,2002,21,F,0,80,42.5,10.2,10
SB,2002,21,M,5,220,111.5,18,158.8
SB,2008,27,M,11,253,145.5,23.7,339.7
SB,2002,21,M,19,269,156.8,26.6,415.5
SB,2002,21,F,12,211,105.5,19.8,154.2
SB,2002,21,M,1,169,78,15.5,78
SB,2002,21,M,8,230,139.5,22.6,326.6
SB,2002,21,F,7,233.5,115,20.9,189.6
SB,2007,26,M,6,255.5,134.6,22.8,344.7
SB,2002,21,M,11,260.5,152.5,24.1,390.1
SB,2008,27,F,8,217,106,19.5,127.5
SB,2002,21,F,2,196,92.5,16.3,97.5
SB,2008,27,M,12,268,137,26.4,349.3
SB,2009,28,M,13,271,143,24.8,356.1
SB,2002,21,F,9,223,108.5,20.6,168.7
SB,2002,21,M,14,262,163,26,451.3
SB,2007,26,M,19,267,162.4,25.7,458.1
SB,2002,21,F,3,195,90.5,16.5,102.1
SB,2002,21,F,11,229,118,20.5,210.9
SB,2002,21,F,15,219,116,20.7,183.7
SB,2002,21,F,13,224,110.5,20.3,163.3
SB,2009,28,M,7,256,145.5,24.4,318.4
SB,2010,29,M,8,254,154,25.2,373.8
SB,2002,21,F,21,234,130.5,21.5,220.9
SB,2002,21,F,1,175,92.5,15.4,93.9
SB,2002,21,F,1,163,96,15.9,90.7
SB,2002,21,M,10,255.5,146,24.3,310.7
SB,2002,21,F,7,223,113,19.6,199.6
SB,2007,26,F,12,217,119,20.1,206.4
SB,2008,27,F,13,225,124.5,20.4,196.9
SB,2002,21,F,4,222,113,19.2,183.7
SB,2002,21,F,6,223,98,19.8,163.3
SB,2002,21,M,6,236,120,21.4,242.7
SB,2002,21,M,5,231,124.8,19.7,225.9
SB,2007,26,M,10,264,155,24.4,391.9
SB,2009,28,M,12,275,155.1,25.7,396.9
SB,2002,21,M,7,261.8,132,22.3,263.1
SB,2002,21,F,5,216.5,108,18.7,140.6
SB,2002,21,F,5,208,97,18.5,152
SB,2008,27,F,10,215,116,20,189.6
SB,2002,21,F,4,206,102.5,18.6,174.6
SB,2002,21,F,9,209,116.5,20,215.5
SB,2002,21,M,8,233.5,127.2,21.7,238.1
SB,2007,26,M,13,245,155.6,24.1,354.7
SB,2003,22,M,8,250,131,23,263.1
SB,2009,28,M,14,253,143.5,25.1,340.2
SB,2003,22,M,16,269,158.5,23.8,435.4
SB,2003,22,M,7,237,120,21,238.1
SB,2003,22,M,5,230,130,19.7,244.9
SB,1991,10,F,7,213.5,124.3,18,213.2
SB,1991,10,F,1,166.5,84.3,15.7,68
SB,1991,10,F,8,215.5,115,19,136.1
SB,2001,20,F,18,220,116.5,19.5,166.9
SB,1991,10,M,0,72,44.5,10,10
SB,1991,10,M,0,76,47.9,9.8,10.9
SB,1993,12,F,2,190,100,16.9,127
SB,1991,10,F,16,192.5,105.5,20.1,158.8
SB,1991,10,F,0,81,46,10,12.2
SB,1991,10,M,0,84,49,10,15
SB,1991,10,F,1,175.5,86,15.8,99.8
SB,1991,10,M,1,167.5,75,14.8,68
SB,1991,10,M,1,155,75.5,14.4,70.3
SB,1991,10,F,1,168,87,14.5,81.6
SB,1991,10,F,1,166,78.5,14.5,74.8
SB,1991,10,M,0,94,55,11.2,20.4
SB,1992,11,M,1,182,84.5,16,95.3
SB,1991,10,F,0,95,55,10.2,19.5
SB,1994,13,F,2,192,100.1,16.2,140.6
SB,1992,11,F,0,93,43.7,11.2,14.5
SB,1992,11,M,0,89,45.5,10.4,14.1
SB,1992,11,M,11,266.4,138,25.8,326.6
SB,2000,19,F,8,226,108,19.5,131.5
SB,2001,20,F,9,227,112.7,21.2,173.3
SB,2002,21,F,10,226,109.4,19.4,156.9
SB,1992,11,F,8,216.2,107.2,20.1,159.7
SB,2009,28,F,25,224,133,21.2,186
SB,1992,11,M,8,250,133.9,23.2,298.9
SB,2009,28,M,25,266,152,25,401.4
SB,1998,17,F,12,212.5,119.5,21.5,222.3
SB,1992,11,F,6,218.5,111.5,20.3,154.7
SB,1992,11,M,0,98,48.4,11.1,22.2
SB,1992,11,F,1,157,86,14.7,83.9
SB,1992,11,M,1,162,92,16.5,93
SB,1992,11,M,7,227,111.5,19.6,217.7
SB,2002,21,M,17,252,164,25.8,419.6
SB,2008,27,M,23,251,149,25.8,379.7
SB,1992,11,F,1,157,72.5,13.4,59.9
SB,1992,11,F,1,160,77,13.8,68.9
SB,1994,13,F,3,211.5,110.5,17.2,189.6
SB,1992,11,F,7,218,99.4,19.4,157.9
SB,2001,20,F,16,224.5,108.6,20.3,167.8
SB,1992,11,M,13,275.5,164.1,27.9,480.8
SB,1992,11,F,1,167,85.2,15,79.4
SB,1992,11,F,1,165,81,15.3,82.1
SB,1994,13,F,3,203.5,124.8,19,216.8
SB,1992,11,F,7,234.5,108.1,20.4,156.5
SB,1992,11,M,0,76,36.8,9,10
SB,1992,11,F,0,75.4,37.5,9.1,11.3
SB,1992,11,F,7,216,118,18.7,191.4
SB,1999,18,F,14,222.5,131.3,20.1,197.3
SB,2007,26,F,22,223.5,133.5,20.9,231.3
SB,2009,28,F,24,230.5,109.6,20.5,158.3
SB,2010,29,F,25,227,120.5,20.9,204.6
SB,2001,20,F,16,219.5,129,20.1,196
SB,1992,11,M,7,248,123.6,22.2,250.8
SB,1997,16,M,12,274,155,27.4,394.6
SB,1992,11,F,4,207,95.5,18.8,118.8
SB,1992,11,F,9,203,103.3,19,147.4
SB,1992,11,M,1,156.5,75.3,14,65.8
SB,1992,11,F,1,146.5,67.5,13.2,49.4
SB,1992,11,F,0,82,40.6,9.7,13.2
SB,1992,11,F,11,212.5,101.6,19.2,158.8
SB,1992,11,F,0,88.8,44.9,10.2,14.1
SB,1992,11,F,0,89,44,10,13.6
SB,1993,12,M,2,208.5,98,17.5,140.6
SB,1994,13,F,4,220,117,18.6,199.6
SB,1999,18,F,16,235.9,131.7,22.8,242.7
SB,2001,20,M,7,259.5,146.5,27.2,352.9
SB,1994,13,F,4,210,117.8,18.9,204.1
SB,1994,13,F,3,198.5,113,17.5,166.9
SB,1994,13,M,3,219.5,116.7,18.5,220
SB,2001,20,M,10,260,167,24.1,449.1
SB,1994,13,F,3,214,133.6,19,263.1
SB,1994,13,M,2,234,124.5,20.6,235.9
SB,1994,13,M,2,219,113.2,19,210.9
SB,1994,13,F,3,211.5,115,18.7,197.3
SB,1994,13,F,0,144.5,68.2,13.4,61.2
SB,1994,13,F,1,180,92.9,16.1,121.6
SB,1994,13,M,1,194.5,103.5,16.6,147.4
SB,1994,13,M,3,218,131.9,18.8,240.4
SB,1994,13,M,0,153,96,14.6,98.9
SB,1994,13,F,2,211.5,116.2,17.6,172.4
SB,1994,13,M,3,234.5,128.2,20.7,258.5
SB,1994,13,M,1,203,105,18.5,183.7
SB,1994,13,F,3,208,119.5,18.3,209.1
SB,1994,13,M,2,224,132.4,19.9,253.1
SB,1994,13,M,6,240,136.7,23.1,311.6
SB,1994,13,M,3,227.2,123.3,19.6,226.8
SB,1994,13,F,0,139,78.2,13.8,68
SB,1999,18,F,5,204.3,108.5,18.5,131.1
SB,1994,13,F,0,146.5,73.6,13.5,66.2
SB,1994,13,F,2,210.4,108.2,17.9,169.2
SB,2002,21,F,5,228,120,20,210.9
SB,2006,25,F,9,221,115.5,21.4,206.4
SB,2008,27,F,11,234,117,21.5,205
SB,2009,28,F,12,226,129.8,22.1,225.4
SB,1997,16,F,0,133.5,70.8,12.9,49
SB,2000,19,F,3,218,143.5,19.5,274.4
SB,2001,20,F,4,228.5,118.1,20.2,172.4
SB,2001,20,F,4,226,139.5,20.9,297.1
SB,2002,21,F,5,228,119.7,20,173.3
SB,2010,29,F,13,230,115,20.7,165.1
SB,2009,28,F,12,231,119.5,20.6,207.3
SB,1997,16,F,0,135,67.5,12.6,44.9
SB,2000,19,F,3,218,129.5,18,220
SB,1999,18,F,3,219,113.5,18.5,190.5
SB,1999,18,F,3,219.5,149.7,19.1,247.2
SB,1997,16,F,1,193.8,109.5,16.9,159.7
SB,2000,19,F,4,226,136.5,20.1,288
SB,2000,19,F,6,231,109.2,19.8,175.5
SB,2001,20,F,7,223,114,20,198.7
SB,1997,16,F,3,211.5,129,18.9,223.6
SB,2001,20,F,11,218,133,21,265.4
SB,1998,17,F,8,219.5,118,20,191.9
SB,1997,16,M,1,199,119.5,17.3,183.3
SB,1997,16,M,1,183,115,16.4,154.2
SB,2010,29,F,14,229,111,22.8,187.3
SB,1997,16,F,1,184,97,17.4,122
SB,1998,17,F,2,193,100.2,18,147.4
SB,1997,16,M,1,191,107.5,17,163.7
SB,1998,17,M,2,193,92.9,17.5,117
SB,2000,19,M,4,236.5,118.8,21.1,240.9
SB,2007,26,M,11,259,154.5,25.2,376.9
SB,2009,28,M,13,261,147,25.6,378.7
SB,2010,29,M,14,270.5,155,26.3,374.7
SB,1997,16,F,1,178.5,104,16.4,139.7
SB,1997,16,F,3,219,126.3,18,217.7
SB,1997,16,M,0,154,92,14.8,99.3
SB,1997,16,M,0,148,91.5,14.2,97.5
SB,1997,16,M,3,253,164.2,21.8,360.6
SB,1998,17,F,0,72,36.4,9,8.6
SB,1999,18,F,15,210,113.7,19.8,181.4
SB,1999,18,F,15,219,122.2,20.1,172.4
SB,1998,17,F,14,215,114,19.9,142.9
SB,2000,19,F,16,213.5,109.2,20.1,185.1
SB,1998,17,M,0,80,38.6,10,13.2
SB,2008,27,M,10,257,147,24.7,351.1
SB,1998,17,F,0,80,40.5,9.6,13.2
SB,1998,17,M,0,94.7,46.2,10.4,18.6
SB,2000,19,M,2,225,142,20.6,274.4
SB,1998,17,F,0,87.3,44,10.6,17.7
SB,1998,17,F,7,207.5,116.1,19.7,197.3
SB,2002,21,F,11,226,114,22.9,222.3
SB,1998,17,F,6,210,114.5,19.1,189.6
SB,2006,25,F,14,215,115,20,204.1
SB,2000,19,F,8,217,108,20.8,156.5
SB,1998,17,F,9,217,112.1,20.9,208.7
SB,2000,19,F,11,229,112,21.3,166.9
SB,1998,17,F,6,213,112,19.7,181.4
SB,1998,17,M,4,214,134,17.8,188.2
SB,1998,17,M,5,224.5,144,18.6,310.7
SB,2008,27,M,15,269,152.5,25.2,409.1
SB,2009,28,M,16,262,142.5,25.3,362.9
SB,2010,29,M,17,264,162.5,26,461.8
SB,1999,18,M,0,77.5,40.2,9.6,10
SB,1999,18,F,0,68.5,31,9.2,7.7
SB,1999,18,F,13,224,116,19.5,209.6
SB,2002,21,F,16,227,119,18.5,204.1
SB,1999,18,M,17,240,163,27.6,424.6
SB,1999,18,M,6,215.5,135.5,20.1,229.1
SB,1999,18,M,6,236,150.7,20.6,326.6
SB,1999,18,M,2,200,125.3,18.6,188.2
SB,2002,21,F,24,236,115.3,20.3,199.6
SB,1999,18,F,21,230,110.5,20.4,176.9
SB,2009,28,M,10,258,144.3,25.7,396.9
SB,2000,19,F,7,214,116,20.6,178.7
SB,1999,18,F,6,215,114.5,20.3,145.1
SB,2007,26,F,14,224.5,111,21.9,152.4
SB,1999,18,F,0,69.5,37.5,8.6,7.7
SB,1999,18,M,0,69,36,9,7.3
SB,1999,18,F,7,203,116,18.7,165.6
SB,1999,18,F,7,205.8,104.6,19,156.5
SB,1999,18,M,6,221.5,127,19.2,199.6
SB,1999,18,F,2,199.5,104.1,17.3,131.5
SB,1999,18,F,12,221,122.9,20.7,197.3
SB,2001,20,F,14,221,112.5,20.8,188.2
SB,1999,18,M,4,212,108,17.5,163.3
SB,1999,18,M,5,229.5,108.7,20.5,176.9
SB,1999,18,M,5,228.5,119,20.4,197.3
SB,1999,18,M,7,238.9,137.1,21.4,224.5
SB,1999,18,M,7,240,130.9,21.5,249.5
SB,2007,26,M,15,257,155.7,25.7,408.2
SB,1999,18,F,7,211.5,116.7,18,138.3
SB,1999,18,M,15,271.2,164.2,26.5,385.6
SB,1999,18,F,9,212,131,19.8,181.4
SB,2000,19,F,10,225.5,106.3,21,158.8
SB,2006,25,M,18,252,132.5,22.6,276.7
SB,2008,27,M,20,257.5,143,24.2,370.6
SB,2009,28,M,21,249.5,136.8,24.8,306.2
SB,1999,18,F,8,214,100.7,18.8,152
SB,2002,21,F,11,224.5,114,19.8,174.6
SB,2009,28,F,18,221,109,20.5,189.6
SB,2008,27,F,17,233,118,20.6,180.1
SB,1999,18,M,7,246,130.7,22.7,258.5
SB,2002,21,M,10,266,150,25,347
SB,2010,29,M,18,262,170,26.8,520.3
SB,2011,30,M,19,268,175.5,27.2,528.4
SB,1999,18,F,7,206.5,112,18.6,154.2
SB,1999,18,F,6,210.5,114.6,18.5,165.6
SB,1999,18,M,4,213.5,144,19.3,217.7
SB,2006,25,F,7,215,117.5,19.5,197.3
SB,2008,27,F,9,226.5,113.3,19.5,207.7
SB,2009,28,F,10,231,111,19.4,178.7
SB,1999,18,F,0,87.5,45.8,10.1,13.2
SB,2002,21,F,3,204,118.7,17.5,165.6
SB,2008,27,F,9,232,125.7,19.6,233.6
SB,1999,18,F,0,84.5,46,9.9,12.2
SB,1999,18,M,10,244.4,145.8,23,299.4
SB,1999,18,M,6,235.8,136.4,22,244.9
SB,2002,21,M,9,262,141,24.8,358.3
SB,1999,18,F,7,215.8,115.2,19,170.1
SB,2000,19,F,8,216,132,19.6,192.8
SB,1999,18,M,11,246.4,148.3,25.1,365.1
SB,1999,18,F,5,204.5,109.5,18.3,161
SB,2007,26,F,13,230,105,20.9,164.2
SB,2010,29,F,16,227,113.5,21.2,194.1
SB,1999,18,M,5,220.4,124.1,20,204.1
SB,1999,18,M,6,200.8,144,18,152
SB,2001,20,F,8,219.5,122.7,19.5,163.3
SB,1999,18,F,3,198,103.5,17,139.7
SB,1999,18,M,6,241,158.5,23.1,428.6
SB,2008,27,M,15,266,146.3,27,389.2
SB,1999,18,M,3,222.5,154,20.9,358.3
SB,1999,18,F,0,170,91,14.8,98
SB,2009,28,F,10,232,133,19.9,226.8
SB,1999,18,F,0,164.5,105.5,14.8,90.7
SB,1999,18,M,4,251,165.5,23.1,426.4
SB,2001,20,M,8,266,151.1,25.1,403.7
SB,2006,25,M,13,267,175.2,27.4,517.1
SB,2009,28,M,16,269,172,27.3,480.8
SB,1999,18,M,4,213,131.8,17.4,235.9
SB,2009,28,M,14,255,148,26.1,412.8
SB,2010,29,M,15,261,154.5,26.1,392.4
SB,1999,18,M,4,235.5,128.3,21.2,249.5
SB,2008,27,M,13,259,163.5,27.6,484.4
SB,1999,18,M,3,217.7,130,18.7,254
SB,2000,19,F,12,216,107.3,20.9,177.4
SB,2000,19,M,0,72.5,37.8,10.5,10
SB,2000,19,F,0,93.6,47,9.3,14.5
SB,2001,20,F,1,184.5,112,16.8,165.6
SB,2000,19,F,0,76,40.1,9.8,10
SB,2001,20,F,1,165,89.6,15.1,93
SB,2000,19,F,0,78.5,38.5,9.5,10
SB,2001,20,F,1,168,87.7,15.2,91.2
SB,2001,20,F,5,207,107,18.3,139.3
SB,2000,19,F,4,199,98.5,17.4,136.1
SB,2000,19,M,0,73.5,41.4,9.9,12.7
SB,2000,19,F,0,75.5,44.5,10,13.6
SB,2000,19,F,0,86,42.8,9.9,13.6
SB,2000,19,M,0,78.8,38.1,9.1,9.5
SB,2000,19,F,0,88,44.5,9.5,17.7
SB,2001,20,F,1,161,86.1,14.8,83
SB,2007,26,F,7,212,116.9,20.1,196.4
SB,2000,19,F,0,79,42.2,9.6,12.2
SB,2007,26,F,7,229,115,18.7,167.8
SB,2000,19,F,0,81,41,9.5,13.2
SB,2010,29,F,10,213.5,129,21.3,228.6
SB,2009,28,F,9,220,115,20.5,178.7
SB,2001,20,F,1,181,109,16.2,150.1
SB,2001,20,F,1,185,108.5,17.5,155.1
SB,2000,19,F,0,99,50.2,11,22.2
SB,2000,19,F,6,210,107.5,19.5,179.2
SB,2000,19,M,0,85.5,48.2,10.6,17.7
SB,2000,19,F,0,92.5,49.8,11.1,20.4
SB,2000,19,F,7,226.5,115.6,20.5,188.2
SB,2001,20,F,8,222,117.2,20.8,201.8
SB,2001,20,F,7,228,114,19.1,198.7
SB,2010,29,F,16,215,120.4,20.4,215.5
SB,2010,29,F,15,221,112,21.1,171.9
SB,2001,20,F,9,232,115.7,19.7,192.3
SB,2000,19,F,2,211.5,119.6,18.2,208.7
SB,2009,28,F,9,205,109.5,20.1,193.7
SB,2008,27,F,8,218.5,104.8,19.6,134.3
SB,2001,20,F,1,148,77.2,13.7,52.6
SB,2001,20,F,0,80,42.1,9.7,5.4
SB,2001,20,F,0,150.4,82.5,14.5,86.2
SB,2001,20,F,0,78.5,41.7,10.1,4.5
SB,2001,20,F,0,134.9,87.2,14.2,81.2
SB,2001,20,F,26,226,118.5,22.8,161
SB,2001,20,M,6,226.5,122,22.1,200.5
SB,2001,20,M,7,261,135.2,21.5,283.5
SB,2006,25,M,12,271,155.5,24.6,385.6
SB,2001,20,M,0,84,45.1,10.5,15
SB,2008,27,M,7,242,148,24.7,368.3
SB,2001,20,M,4,215.5,118.5,20.1,199.6
SB,2001,20,F,7,225,120.5,20.3,198.7
SB,2001,20,M,1,161,99.2,15.9,91.6
SB,2001,20,F,12,228,116.7,21,199.6
SB,2002,21,F,13,226,118,24.4,191.4
SB,2001,20,F,9,221,119.2,20.4,220
SB,2007,26,F,7,226,121,20.2,193.7
SB,2001,20,F,1,154,77.5,14.4,71.7
SB,2001,20,F,1,145,75.8,14,66.2
SB,2001,20,M,4,235,131.3,21.1,258.5
SB,2001,20,M,8,247,152.1,25.8,376.5
SB,2001,20,M,2,208,120.7,19.5,172.4
SB,2006,25,M,7,249,137,25.2,301.6
SB,2009,28,M,10,264,174.8,27.1,446.8
SB,2001,20,M,8,252,141,23.8,340.2
SB,2006,25,M,13,276,148,26.7,385.6
SB,2007,26,M,14,287,150.3,27,387.8
SB,2001,20,M,7,257,143,23.8,353.8
SB,2008,27,M,14,253,153,27.6,466.3
SB,2001,20,F,3,215,115,19.7,167.8
SB,2001,20,M,7,258.5,141.2,22.4,362.9
SB,2001,20,F,0,97,47,9.9,15
SB,2001,20,F,3,195,97.5,17,120.2
SB,2002,21,F,4,215,99,19,127
SB,2001,20,M,11,266.5,150,27.9,417.3
SB,2001,20,M,1,207.5,112.5,18.4,192.8
SB,2002,21,F,10,226,110,20.6,165.6
SB,2001,20,M,1,214,122,18.8,244.9
SB,2001,20,F,1,189,122.4,17.1,174.6
SB,2001,20,F,2,179.5,115,16.8,156.5
SB,2001,20,F,1,195,109,17.4,170.1
SB,2007,26,M,12,264,155.5,26.6,445.4
SB,2009,28,F,10,233.5,120.5,22.8,230.9
SB,2001,20,M,1,184,108.2,17.1,161
SB,2001,20,F,1,175,103.5,15.5,122.5
SB,2001,20,M,7,259,152,23.3,343.8
SB,2001,20,F,3,193,109.5,17.8,174.6
SB,2001,20,F,0,140,76,13.3,63.5
SB,2003,22,F,2,201,95.5,17.1,124.7
SB,2001,20,M,1,216.4,115.5,18.5,181.4
SB,2002,21,M,2,264,108.3,18.9,179.2
SB,2007,26,M,7,240,140.5,24,351.5
SB,2009,28,M,9,248,150.3,26.1,349.3
SB,2011,30,M,11,250,178,26.8,440.9
SB,2001,20,M,6,264,149.5,24.9,444.5
SB,2001,20,M,0,149,90,14.5,83.9
SB,2001,20,M,0,150,88.4,15,83.9
SB,2009,28,F,9,226.5,121.8,20.2,215.5
SB,2010,29,F,10,237,122.5,20.3,192.3
SB,2001,20,F,1,195,105.5,17,190.1
SB,2001,20,M,1,212,115,18.5,194.1
SB,2001,20,M,1,197,115.5,17.5,181.4
SB,2002,21,M,2,206,100,18.5,158.8
SB,2001,20,M,1,199,111.6,17.6,183.7
SB,2002,21,M,2,206,105,17.5,145.1
SB,2001,20,M,1,202.2,99.5,17.6,145.1
SB,2002,21,M,2,209,95,18.2,131.5
SB,2001,20,M,7,263.8,149.1,24.6,440
SB,2010,29,M,16,279,150,26.5,369.7
SB,2001,20,M,5,189.8,117.5,17,190.5
SB,2002,21,F,8,216.5,116,19.6,167.8
SB,2001,20,F,4,208,123.4,19.1,235.4
SB,2010,29,F,16,211,116.5,20,187.3
SB,2007,26,M,10,264,147,22.8,328.9
SB,2008,27,M,11,271,159,24.6,430
SB,2009,28,M,12,266,158,25.7,448.1
SB,2010,29,M,13,269,174.8,26.8,465.8
SB,2008,27,M,18,251,159,26.6,453.6
SB,2003,22,M,0,108,52.5,10.8,21.3
SB,2011,30,M,12,252,172.5,25.4,440
SB,2009,28,M,19,262,165,25.2,451.3
SB,2006,25,F,6,218,103,19.4,163.3
SB,2009,28,M,9,260,161,27,419.6
SB,2009,28,M,9,270,155.5,26.3,452.7
SB,2004,23,M,0,86,45.4,10.4,10
SB,2004,23,M,0,83,41.3,10.2,9.5
SB,2004,23,M,0,77,37.3,9,6.6
SB,2004,23,M,0,71,37,8.2,5.9
SB,2007,26,F,9,236,113.5,20.3,208.2
SB,2004,23,M,0,88,46.5,12,11.8
SB,2004,23,F,0,87,44,9.6,10
SB,2004,23,F,0,85,45.1,9.9,10
SB,2004,23,M,0,83,44.2,9.7,11.3
SB,2006,25,M,6,231,110.6,20.9,199.6
SB,2010,29,M,13,270,159,26.4,457.7
SB,2006,25,M,4,221,115.5,19.4,181.4
SB,2008,27,M,6,243,141,22.1,317.5
SB,2009,28,M,7,246.5,140.5,23.5,300.3
SB,2007,26,F,5,218,114.1,19.3,175.1
SB,2008,27,F,6,216,118.5,19.5,181
SB,2006,25,M,12,267,149,23.6,385.6
SB,2004,23,M,0,90,46.5,10.6,10.4
SB,2004,23,F,0,95.5,46,10.7,11.3
SB,2006,25,M,8,257,126.8,22,303.9
SB,2008,27,M,10,270,163.5,26.1,485.8
SB,2009,28,M,11,271,154.3,26.1,419.6
SB,2010,29,M,7,277,146.6,25.3,369.2
SB,2004,23,M,0,97,49,11.1,17.2
SB,2004,23,M,0,93,46,11,15
SB,2008,27,M,5,240,129,22.5,271.2
SB,2010,29,M,7,252,136,24.4,286.7
SB,2006,25,F,3,199,107.5,17.8,145.1
SB,2009,28,F,9,223,113,20.2,206.8
SB,2007,26,F,7,220.5,115.5,19.5,161.5
SB,2005,24,M,0,85.3,46,10.4,12.7
SB,2005,24,F,0,81.5,39,10,10
SB,2008,27,F,5,223,118.5,19.4,206.4
SB,2005,24,M,0,84,43,9.6,8.6
SB,2005,24,M,0,89.5,45,10,11.3
SB,2005,24,M,0,91,45,10,9.5
SB,2006,25,M,8,256,144.5,24,335.7
SB,2006,25,F,1,160,89,14.1,86.2
SB,2008,27,F,3,199.5,107,17.5,151.5
SB,2005,24,M,0,98,48,11.1,17.8
SB,2005,24,M,0,98.5,49.5,11.2,19.3
SB,2006,25,M,0,89,44.6,10.5,11.8
SB,2006,25,M,12,249.5,148,24.3,356.1
SB,2009,28,F,12,230.5,111.2,20,137.4
SB,2006,25,F,9,225.5,112.2,19.8,176.9
SB,2006,25,F,2,183,83.1,16.9,93
SB,2006,25,F,5,213,127.5,20.9,213.2
SB,2009,28,F,5,220.5,116.5,19,190.5
SB,2006,25,F,2,161,79,14.8,72.6
SB,2006,25,F,7,227,113,19,156.5
SB,2006,25,F,23,215,107,18.9,158.8
SB,2006,25,M,5,254,164,28,430.9
SB,2006,25,M,16,253,163.5,27.9,444.5
SB,2006,25,M,4,213,106.8,19.2,176.9
SB,2006,25,M,0,104,48,11.2,17.1
SB,2006,25,F,0,100,47,10.6,16.8
SB,2006,25,F,8,220,104,19.5,154.2
SB,2010,29,F,7,220,109.6,18.4,173.7
SB,2006,25,F,3,192,89,17.5,102.1
SB,2006,25,F,8,221,109.4,20.1,179.2
SB,2006,25,F,0,114,54,11.6,24.9
SB,2006,25,M,12,281,145,26,358.3
SB,2006,25,F,5,216,119,20.3,206.4
SB,2007,26,M,1,166,87,16.3,95.7
SB,2007,26,F,7,224,115,21,176
SB,2007,26,M,13,252,165.5,25.1,410.5
SB,2010,29,M,16,264,160,26.5,435
SB,2007,26,M,7,246,137,23.6,297.1
SB,2007,26,M,8,255,137.1,23.8,339.3
SB,2007,26,M,13,266.5,153.5,26.2,431.4
SB,2007,26,M,12,252,155.1,25,353.8
SB,2007,26,M,16,251,162.4,25.7,408.2
SB,2007,26,M,11,253,151,26.1,412.8
SB,2008,27,M,12,263.5,152.5,26.3,393.3
SB,2009,28,M,13,251.5,150.6,26.7,402.3
SB,2007,26,M,0,80,43,9.5,7.7
SB,2007,26,F,7,225,109,18.3,140.6
SB,2011,30,F,11,214,110,18.8,147.4
SB,2007,26,M,12,261,150,26.2,430.9
SB,2007,26,M,5,214,113,16.6,155.6
SB,2007,26,F,0,100,44.1,11,13.6
SB,2007,26,M,0,97.3,42.4,10.5,10.4
SB,2008,27,M,1,195,113,17.3,167.8
SB,2007,26,M,6,240,114,20.4,198.2
SB,2009,28,M,8,249.8,123.4,22.4,285.8
SB,2007,26,M,19,274,154.4,27.5,426.4
SB,2007,26,F,10,230,124.5,20.6,215.5
SB,2009,28,F,12,223,117,21,177.4
SB,2007,26,F,15,219,113,20.5,164.2
SB,2007,26,M,1,171,91.5,15.6,91.2
SB,2007,26,F,1,163,82,14.7,74.8
SB,2007,26,F,14,221,114.8,21,161.5
SB,2007,26,M,0,87,46.9,11.3,11.3
SB,2007,26,F,0,91,42.5,10.5,11.3
SB,2007,26,F,14,219,109,20.5,158.3
SB,2007,26,M,6,235,118.3,22,220.9
SB,2007,26,F,13,223.5,111,20.1,169.2
SB,2007,26,F,2,191.4,98.8,16.1,111.1
SB,2007,26,M,2,214,116.6,19.1,162.4
SB,2007,26,M,10,268,138.4,22.9,338.8
SB,2010,29,M,13,265,147,23.6,317.5
SB,2007,26,M,8,243,133.8,22.9,287.1
SB,2008,27,M,9,238,147,23,352
SB,2007,26,F,7,206,102,18.6,129.3
SB,2009,28,F,9,221,102.5,20,157.9
SB,2008,27,F,2,194,105,18.2,135.2
SB,2008,27,M,14,245,156,24.5,378.3
SB,2008,27,M,4,212,106,18.1,154.7
SB,2008,27,F,9,215,112,19.8,186
SB,2008,27,F,3,198,106.5,18.1,158.3
SB,2009,28,M,1,184,87,16,99.8
SB,2009,28,F,12,209,131.1,22.2,203.7
SB,2009,28,F,12,221,120.9,20.5,210.5
SB,2008,27,F,11,216,113,20.4,171.5
SB,2008,27,M,8,243,130.5,22.2,311.2
SB,2009,28,M,9,252,142,23.3,336.1
SB,2010,29,M,10,254,146,24.1,360.6
SB,2008,27,F,8,209,113,19.4,170.1
SB,2010,29,M,12,272,167,27,493.1
SB,2008,27,M,5,258,150,24.2,366.5
SB,2008,27,F,4,183,93,15.8,101.6
SB,2008,27,M,7,240,136.6,23,275.3
SB,2011,30,M,10,252,160.5,26,392.4
SB,2009,28,F,1,146,79.5,13.6,68
SB,2010,29,F,2,186,94,15.9,106.1
SB,2011,30,F,3,213,113.5,18.1,163.3
SB,2008,27,F,4,193,102,17.1,142.9
SB,2008,27,M,8,232,143.5,22.8,318
SB,2008,27,F,0,92,47,10.6,15.8
SB,2008,27,F,0,145,104.8,14.4,88.5
SB,2009,28,F,1,164,94.5,15.2,99.8
SB,2008,27,M,0,102,45.1,11.1,17.3
SB,2008,27,M,0,164,103,14.6,98.4
SB,2009,28,M,1,188.5,106,17.5,137.9
SB,2008,27,F,3,200,109.6,17,151.5
SB,2008,27,M,4,230,121.6,21,233.6
SB,2009,28,M,5,250,157.7,22.9,433.2
SB,2009,28,M,5,250,169.5,23.1,463.6
SB,2008,27,F,4,222,120.3,20.3,210.9
SB,2008,27,M,5,189,98,17.6,139.3
SB,2009,28,F,14,234,127.2,21,254
SB,2008,27,F,13,226.2,118.7,20.4,221.4
SB,2008,27,M,0,108,53,11.9,26.3
SB,2008,27,F,0,107.5,54,11.3,24.9
SB,2008,27,M,4,227,117,20.2,204.1
SB,2008,27,F,6,211,112,19.4,176.9
SB,2008,27,M,0,112.5,55.2,12.1,29
SB,2008,27,F,11,223,108,19.8,171
SB,2008,27,M,4,210,116,33.4,195
SB,2008,27,F,4,200,101.5,17.9,138.8
SB,2008,27,F,4,205,108.6,18.2,172.8
SB,2008,27,F,4,207,108,17.4,170.1
SB,2008,27,F,6,204,104.6,17.5,147.4
SB,2008,27,F,8,211,115,19.1,208.7
SB,2008,27,F,5,217,124,18.6,215.5
SB,2010,29,F,7,228,114,20.1,186.9
SB,2008,27,M,0,152,88,15.5,92.5
SB,2008,27,M,0,163,104.6,16.1,112.5
SB,2008,27,M,3,234,148,20.7,340.2
SB,2008,27,M,3,228,135.5,21.5,268.5
SB,2009,28,M,4,235,143.2,21.9,307.5
SB,2008,27,M,1,208,116.5,18,198.7
SB,2008,27,F,1,186,109,17.2,165.6
SB,2008,27,F,0,129.5,71.3,12.7,48.5
SB,2009,28,F,1,155,67,13.7,53.5
SB,2011,30,F,3,206,119.5,17.6,167.4
SB,2008,27,M,0,124.5,73.1,12.6,43.1
SB,2009,28,M,1,152,73.5,14.1,58.5
SB,2010,29,M,2,203,97.7,17.2,106.6
SB,2008,27,M,2,225,134,19.8,286.2
SB,2008,27,F,1,205,115.5,17.5,186
SB,2008,27,F,1,206,130,17.7,210
SB,2009,28,F,2,216,121,18.4,245.4
SB,2009,28,F,2,229,121.2,18.4,235.9
SB,2008,27,F,1,183,113.5,16.8,158.8
SB,2008,27,M,0,135,80.7,13.9,59.4
SB,2008,27,M,0,147,88.5,14,88.5
SB,2008,27,M,2,204.5,125,17.8,231.3
SB,2008,27,M,0,150,89.6,14.9,81.6
SB,2008,27,M,0,161,106.5,14.9,99.8
SB,2008,27,F,0,147,80,13.4,63.5
SB,2008,27,F,0,148.5,98,14.1,82.6
SB,2008,27,F,3,221,133,17.7,201.4
SB,2009,28,M,5,242,139.8,24.6,288
SB,2009,28,M,12,262,165.2,27.1,433.6
SB,2009,28,F,14,233,131.5,21.5,217.7
SB,2009,28,M,6,251,143.5,23,326.1
SB,2010,29,F,12,230.5,120,19.6,181.4
SB,2010,29,F,1,168,85,15.6,90.7
SB,2010,29,M,5,225,125.5,20.9,242.7
SB,2010,29,M,1,174,107,16.5,120.2
SB,2010,29,M,1,155,87.5,15.6,85.3
SB,2010,29,M,1,162,79.8,15.4,85.3
SB,2010,29,M,0,96,49,11.2,16.3
SB,2010,29,M,0,96,49.5,11.3,15.4
SB,2010,29,F,9,229,126,21.8,203.2
SB,2010,29,F,0,91,44,10.3,14.1
SB,2009,28,M,17,256,166.5,27,451.8
SB,2009,28,F,4,210,116.8,18.9,170.6
SB,2009,28,F,9,216,119.8,21.6,222.3
SB,2009,28,F,1,175,84,14.6,76.7
SB,2009,28,F,6,222,109,19.3,161.9
SB,2009,28,M,11,234.5,125,23,248.1
SB,2009,28,F,0,96,43.5,10.6,11.8
SB,2009,28,F,0,135,77.5,12.9,68
SB,2009,28,F,0,98,46,10.7,15
SB,2009,28,F,0,143,82,13.2,79.4
SB,2009,28,M,1,173,86.1,15.8,69.9
SB,2009,28,F,7,215,115.2,20.5,176.9
SB,2010,29,F,8,219,108.5,20.8,180.5
SB,2009,28,F,6,231,100.6,20.1,145.6
SB,2010,29,F,1,177,89,15,87.1
SB,2009,28,M,0,101.5,53,11.4,16.8
SB,2009,28,M,1,194,109.5,16.8,148.8
SB,2009,28,M,1,194,106.6,17.1,172.4
SB,2010,29,M,2,217,106,17.7,142.4
SB,2009,28,M,1,185,106.5,15.9,149.2
SB,2009,28,M,1,191,109.5,16.7,157.4
SB,2009,28,F,6,230.5,115.5,19.9,179.2
SB,2010,29,F,7,236,115.5,20.4,200.9
SB,2010,29,M,1,175,86.5,16.2,93.4
SB,2009,28,M,0,93,53,10.7,16.3
SB,2009,28,F,7,228,108.5,19.2,185.1
SB,2009,28,F,1,168,79.4,14.1,72.6
SB,2009,28,M,7,234,128.7,23.3,238.1
SB,2009,28,M,1,173.5,92.1,16.7,107
SB,2009,28,F,7,228,116.2,20.5,195.5
SB,2009,28,F,0,119.5,59.5,12,28.6
SB,2009,28,F,0,160,86.3,14.3,83.5
SB,2010,29,F,9,214,128,21,220
SB,2009,28,F,8,220,125.8,20.3,262.2
SB,2009,28,M,0,155,117.5,15.7,116.6
SB,2009,28,M,0,136,68,12.9,47.2
SB,2009,28,M,0,120,67,12.8,52.6
SB,2009,28,M,0,122,65.5,12,39.5
SB,2009,28,M,0,119,64.5,12.3,43.5
SB,2009,28,M,7,245,140,20.2,292.6
SB,2010,29,F,0,92,47.5,10.1,13.2
SB,2010,29,M,0,86,42,10,11.3
SB,2010,29,M,0,84,40,9.6,9.1
SB,2010,29,F,0,55,32,8.5,5.4
SB,2010,29,M,9,259,144.5,24.3,420.5
SB,2009,28,F,0,130,73.5,13,44.9
SB,2009,28,F,0,124,66.5,12.7,44
SB,2009,28,F,2,189,99.5,16.6,122.5
SB,2009,28,F,2,189.5,119.7,17,188.2
SB,2010,29,M,3,215,120.5,20.4,196
SB,2011,30,F,17,226,138,21.7,242.7
SB,2010,29,F,16,230,152.5,21.4,236.3
SB,2010,29,M,1,155,89,15.5,94.3
SB,2011,30,M,2,198,113,18.6,166
SB,2010,29,F,1,183,113.5,16.4,116.1
SB,2010,29,M,2,199,107,18.3,141.5
SB,2010,29,F,5,216,109,19.5,166
SB,2010,29,M,0,92,47.5,11.1,14.5
SB,2011,30,M,1,187.5,106.2,15.6,110.2
SB,2010,29,F,0,92,40,10.6,10.4
SB,2011,30,F,1,172.5,91,15.1,84.4
SB,2010,29,F,0,94,41,10.9,13.6
SB,2010,29,M,0,93,46.5,10.9,12.2
SB,2010,29,F,0,91,49.5,10.5,12.2
SB,2010,29,M,0,96,47.5,11.1,15.4
SB,2010,29,M,0,88,47.1,10.8,12.7
SB,2010,29,M,0,96,46.5,9.9,12.2
SB,2011,30,F,15,215,120.1,19.6,177.8
SB,2010,29,F,14,221,119,19.9,178.7
SB,2010,29,F,2,173,86,15.2,88
SB,2010,29,F,9,227,114,20.1,193.2
SB,2010,29,M,5,228,123.3,20.7,208.7
SB,2011,30,M,18,262,168,26.5,432.3
SB,2011,30,F,4,208,119,18.7,186
SB,2011,30,M,19,274,159.5,27.3,398.7
SB,2011,30,M,7,259,154.5,24.7,396
SB,2011,30,F,6,222,115,19.8,158.8
SB,2011,30,M,1,142,82,13.7,55.8
SB,2011,30,M,10,241,120,22.1,216.4
SB,2011,30,M,4,241,146,22.6,290.3
SB,2011,30,F,18,226,135,21,244.9
SB,2011,30,F,1,156,78.1,13.7,59.9
SB,2011,30,M,6,229,131.5,21.4,247.2
SB,2011,30,F,4,205,114.5,19.4,188.2
SB,2011,30,F,5,214,118.5,19.4,163.7
SB,2011,30,F,10,210.5,123.5,20.9,186
SB,2011,30,M,15,251,173.3,27,443.6
SB,2011,30,F,5,213,114.5,20.1,152.4
SB,2011,30,F,2,182,89.2,17,107
SB,2011,30,F,4,206,110.3,17.8,159.7
SB,2011,30,F,19,216.5,113.6,20.2,184.2
SB,2011,30,M,6,249,141.5,23.2,324.8
SB,2011,30,M,4,237,113.5,20.1,191.4
SB,2011,30,F,8,202,108.2,19.9,146.5
SB,2011,30,M,2,201.3,95.2,16.8,98.9
SB,2011,30,M,1,168,85.6,15.9,84.4
SB,2011,30,M,1,176,90.1,15.8,95.3
SB,2009,28,F,6,222,114.3,21.5,194.1
SB,2010,29,F,10,228,114,20.7,188.2
SB,2008,27,F,5,202,107.5,17.3,164.7
SB,2006,25,F,2,186,87,16,95.3
SB,2008,27,F,4,205,121.5,18.9,217.7
SB,2008,27,F,4,203,119.6,18.7,187.3
SB,2008,27,F,9,226,118,20.6,210.9
SB,2009,28,F,10,225,115.5,20.9,192.8
SB,2009,28,M,10,240,157,27.6,401.4
SB,2008,27,M,10,264,156.5,25.1,429.1
SB,2010,29,F,10,221,107,19.5,160.6
SB,2008,27,M,8,249,137.5,22,327.9
SB,2009,28,M,9,259,141,24.1,315.7
SB,2010,29,F,8,220,113.4,19.2,169.6
SB,2011,30,F,9,216.3,115,19.9,161
SB,2009,28,M,10,260.7,135.2,24.2,338.8
SB,2010,29,M,11,246,162,25.5,370.1
SB,2007,26,M,2,222,100,18,156.5
SB,2008,27,M,3,219.5,127,19.8,260.4
SB,2009,28,M,11,252,138.5,25,326.6
SB,2008,27,F,0,54,77,13.6,68
SB,2008,27,F,0,149.5,94.6,13.8,75.3
SB,2009,28,F,10,226,124.7,20.3,195.5
SB,2010,29,F,9,222,115,20.5,175.5